UK SOC 2010 Code,Census Categories: Occupation,Occupation title,Exposure,Interaction,Location,Physical Activities,Tools/ Protective Equipment,Ability to homework score,Median hourly pay (£),Total in employment,Percentage of the workforce that are female(%),Percentage of the workforce that are aged 55+ (%),Percentage of the workforce that are BAME (%),% Working from home during Lockdown
1115,Chief Executives and Senior Officials,Chief executives and senior officials,0.23,0.3,0.29,0.19,0.22,1.23,44.08,108000,27.5,25,8.9,67.35
1121,Production Managers and Directors,Production managers and directors in manufacturing,0.55,0.19,0.6,0.34,0.6,2.27,22,320000,14,22.8,4.1,67.35
1122,Production Managers and Directors,Production managers and directors in construction,0.4,0.27,0.51,0.39,0.38,1.95,21.29,207000,11,19.4,4.1,67.35
1123,Production Managers and Directors,Production managers and directors in mining and energy,0.21,0.28,0.35,0.21,0.3,1.35,21.68,16000,17,11.3,9.1,67.35
1131,Functional Managers and Directors,Financial managers and directors,0.03,0.21,0.12,0.09,0.06,0.51,31.38,357000,41.7,18.7,10.2,67.35
1132,Functional Managers and Directors,Marketing and sales directors,0.08,0.28,0.26,0.13,0.08,0.83,37,279000,33.1,16.9,9.3,67.35
1133,Functional Managers and Directors,Purchasing managers and directors,0.27,0.29,0.47,0.28,0.45,1.77,24.48,65000,34,18.7,10.8,67.35
1134,Functional Managers and Directors,Advertising and public relations directors,0.05,0.25,0.27,0.13,0.09,0.8,29.29,42000,44.6,12.3,7.8,67.35
1135,Functional Managers and Directors,Human resource managers and directors,0.04,0.24,0.12,0.09,0.09,0.59,24.51,227000,60.2,16.2,8.1,67.35
1136,Functional Managers and Directors,Information technology and telecommunications directors,0.08,0.08,0.05,0.13,0.24,0.58,36.33,119000,12,14.9,9,67.35
1139,Functional Managers and Directors,Functional managers and directors n.e.c.,0.21,0.28,0.35,0.21,0.3,1.35,26.23,127000,44.3,24.6,5,67.35
1150,Financial Institution Managers and Directors,Financial institution managers and directors,0.12,0.28,0.16,0.15,0.18,0.9,24.77,92000,36,11.9,10.9,67.35
1161,Managers and Directors in Transport and Logistics,Managers and directors in transport and distribution,0.27,0.29,0.47,0.28,0.45,1.77,18.16,87000,18.7,19.4,7.4,67.35
1162,Managers and Directors in Transport and Logistics,Managers and directors in storage and warehousing,0.27,0.29,0.47,0.28,0.45,1.77,14.05,114000,22.8,15.4,11.7,67.35
1172,Senior Officers in Protective Services,Senior police officers,0.54,0.66,0.65,0.41,0.46,2.71,27.65,13000,32.3,11.1,x,67.35
1173,Senior Officers in Protective Services,"Senior officers in fire, ambulance, prison and related services",0.21,0.28,0.35,0.21,0.3,1.35,20.15,15000,9.6,19.1,x,67.35
1181,Health and Social Services Managers and Directors,Health services and public health managers and directors,0.11,0.32,0.04,0.17,0.13,0.77,25.32,76000,69.8,22.3,6.5,67.35
1184,Health and Social Services Managers and Directors,Social services managers and directors,0.12,0.53,0.26,0.17,0.16,1.23,19.62,34000,75.5,27.3,9.3,67.35
1190,Managers and Directors in Retail and Wholesale,Managers and directors in retail and wholesale,0.3,0.43,0.22,0.28,0.43,1.66,13.12,355000,34.7,13.7,9.3,67.35
1211,Managers and Proprietors in Agriculture Related Services,Managers and proprietors in agriculture and horticulture,0.51,0.29,1,0.54,0.74,3.07,13.21,26000,16.2,27.8,x,67.35
1213,Managers and Proprietors in Agriculture Related Services,"Managers and proprietors in forestry, fishing and related services",0.51,0.29,1,0.54,0.74,3.07,13.99,12000,40.8,29.3,x,67.35
1221,Managers and Proprietors in Hospitality and Leisure Services,Hotel and accommodation managers and proprietors,0.05,0.53,0.11,0.26,0.3,1.25,13.8,57000,54.5,28.9,7,67.35
1223,Managers and Proprietors in Hospitality and Leisure Services,Restaurant and catering establishment managers and proprietors,0.3,0.62,0.17,0.6,0.5,2.2,11.19,149000,48.2,12.8,17.4,67.35
1224,Managers and Proprietors in Hospitality and Leisure Services,Publicans and managers of licensed premises,0.05,0.53,0.11,0.26,0.3,1.25,11.98,38000,44.9,13.8,4.9,67.35
1225,Managers and Proprietors in Hospitality and Leisure Services,Leisure and sports managers,0.2,0.32,0.32,0.22,0.29,1.35,14.37,57000,44.3,14.9,4.8,67.35
1226,Managers and Proprietors in Hospitality and Leisure Services,Travel agency managers and proprietors,0.21,0.28,0.35,0.21,0.3,1.35,14.18,6000,69.5,20.3,18,67.35
1241,Managers and Proprietors in Health and Care Services,Health care practice managers,0.14,0.3,0.01,0.17,0.16,0.78,16.63,23000,86.6,23.6,13.2,67.35
1242,Managers and Proprietors in Health and Care Services,"Residential, day and domiciliary care managers and proprietors",0.2,0.38,0.13,0.23,0.28,1.22,16.52,60000,77.5,22.8,8.9,67.35
1251,Managers and Proprietors in Other Services,"Property, housing and estate managers",0.21,0.28,0.35,0.21,0.3,1.35,17.34,200000,39.7,21.7,10.5,67.35
1252,Managers and Proprietors in Other Services,Garage managers and proprietors,0.21,0.28,0.35,0.21,0.3,1.35,16.52,29000,7.8,30.7,12,67.35
1253,Managers and Proprietors in Other Services,Hairdressing and beauty salon managers and proprietors,0.21,0.28,0.35,0.21,0.3,1.35,11.54,30000,85.5,9.1,4,67.35
1254,Managers and Proprietors in Other Services,Shopkeepers and proprietors – wholesale and retail,0.3,0.43,0.22,0.28,0.43,1.66,12.98,112000,40.9,24.1,24.4,67.35
1255,Managers and Proprietors in Other Services,Waste disposal and environmental services managers,0.21,0.28,0.35,0.21,0.3,1.35,20.21,14000,12.8,19.3,11.2,67.35
1259,Managers and Proprietors in Other Services,Managers and proprietors in other services n.e.c.,0.21,0.28,0.35,0.21,0.3,1.35,15.38,241000,36.7,19.5,8.8,67.35
2111,Natural and Social Science Professionals,Chemical scientists,0.46,0.1,0.13,0.25,0.63,1.58,16.8,26000,34.2,14.4,9.7,69.58
2112,Natural and Social Science Professionals,Biological scientists and biochemists,0.31,0.14,0.25,0.17,0.38,1.25,19.76,82000,56.8,14.4,12.8,69.58
2113,Natural and Social Science Professionals,Physical scientists,0.22,0.1,0.31,0.2,0.29,1.13,22.7,26000,23.1,10.7,5,69.58
2114,Natural and Social Science Professionals,Social and humanities scientists,0.14,0.22,0.3,0.19,0.17,1.02,17.12,28000,60.9,8.6,13.1,69.58
2119,Natural and Social Science Professionals,Natural and social science professionals n.e.c.,0.31,0.14,0.25,0.17,0.38,1.25,19.93,64000,52.9,9.3,9.7,69.58
2121,Engineering Professionals,Civil engineers,0.29,0.24,0.52,0.26,0.35,1.66,20.54,86000,9.7,14.5,8.9,69.58
2122,Engineering Professionals,Mechanical engineers,0.34,0.12,0.38,0.28,0.47,1.6,20.39,84000,7.3,13.8,8.7,69.58
2123,Engineering Professionals,Electrical engineers,0.22,0.13,0.18,0.17,0.43,1.11,24.23,55000,2.5,18.4,3.9,69.58
2124,Engineering Professionals,Electronics engineers,0.17,0.04,0.11,0.15,0.37,0.84,24.04,31000,7.9,23.5,8.5,69.58
2126,Engineering Professionals,Design and development engineers,0.32,0.12,0.3,0.24,0.48,1.47,21.19,85000,8.9,12.9,7.5,69.58
2127,Engineering Professionals,Production and process engineers,0.31,0.15,0.24,0.21,0.36,1.25,20.54,50000,11.7,15.1,5.7,69.58
2129,Engineering Professionals,Engineering professionals n.e.c.,0.32,0.12,0.3,0.24,0.48,1.47,20.44,126000,14.8,15.4,10.4,69.58
2133,Information Technology and Telecommunications Professionals,IT specialist managers,0.04,0.08,0.09,0.05,0.14,0.4,24.42,212000,19.1,11.5,10.1,69.58
2134,Information Technology and Telecommunications Professionals,IT project and programme managers,0.04,0.08,0.09,0.05,0.14,0.4,26.54,71000,24.8,14.9,18.3,69.58
2135,Information Technology and Telecommunications Professionals,"IT business analysts, architects and systems designers",0.11,0.16,0.04,0.12,0.23,0.65,24.35,157000,16.3,10.3,20.8,69.58
2136,Information Technology and Telecommunications Professionals,Programmers and software development professionals,0.02,0,0.03,0.03,0.12,0.21,21.97,396000,14.6,8,19.4,69.58
2137,Information Technology and Telecommunications Professionals,Web design and development professionals,0.01,0.05,0.01,0.05,0.14,0.27,16.33,63000,25,6.2,3,69.58
2139,Information Technology and Telecommunications Professionals,Information technology and telecommunications professionals n.e.c.,0.04,0.08,0.09,0.05,0.14,0.4,20.38,200000,18,12.2,22.2,69.58
2141,Conservation and Environment Professionals,Conservation professionals,0.24,0.29,0.49,0.28,0.3,1.59,15.99,15000,51.8,9.1,x,69.58
2142,Conservation and Environment Professionals,Environment professionals,0.24,0.29,0.49,0.28,0.3,1.59,18.49,42000,37.2,21,2.3,69.58
2150,Research and Development Managers,Research and development managers,0.26,0.2,0.29,0.21,0.32,1.28,25.53,58000,39.2,12.3,5.9,69.58
2211,Health Professionals,Medical practitioners,0.41,0.71,0.05,0.24,0.41,1.81,31.4,298000,48.5,14.2,26.7,69.58
2212,Health Professionals,Psychologists,0.1,0.51,0.08,0.08,0.06,0.82,24.75,32000,81.8,19.6,7.4,69.58
2213,Health Professionals,Pharmacists,0.27,0.71,0.02,0.31,0.33,1.64,21.14,67000,64.8,12.4,34.6,69.58
2214,Health Professionals,Ophthalmic opticians,0.23,0.77,0,0.27,0.4,1.68,23.14,20000,60,11.6,29.8,69.58
2215,Health Professionals,Dental practitioners,0.67,0.82,0.01,0.35,0.72,2.56,x,41000,49.4,10.5,28.7,69.58
2216,Health Professionals,Veterinarians,0.7,0.75,0.33,0.47,0.59,2.83,19.48,29000,63.6,9.9,x,69.58
2217,Health Professionals,Medical radiographers,0.51,0.83,0.04,0.53,0.77,2.68,20.11,34000,80.9,16,16.6,69.58
2218,Health Professionals,Podiatrists,0.28,0.77,0.16,0.33,0.29,1.83,19.55,11000,72.1,43.5,x,69.58
2219,Health Professionals,Health professionals n.e.c.,0.28,0.77,0.16,0.33,0.29,1.83,18.8,64000,78.3,21.6,17.7,69.58
2221,Therapy Professionals,Physiotherapists,0.23,0.76,0.12,0.58,0.41,2.1,18.73,72000,70.6,11,7.3,69.58
2222,Therapy Professionals,Occupational therapists,0.28,0.77,0.16,0.33,0.29,1.83,18.46,52000,91.1,17.7,7.9,69.58
2223,Therapy Professionals,Speech and language therapists,0.24,0.63,0.05,0.22,0.33,1.46,17.67,20000,x,4.4,3.2,69.58
2229,Therapy Professionals,Therapy professionals n.e.c.,0.1,0.51,0.08,0.08,0.06,0.82,19.3,66000,70.3,22.4,10.8,69.58
2231,Nursing and Midwifery Professionals,Nurses,0.49,0.88,0.06,0.43,0.51,2.36,18.08,670000,87,19.3,19.5,69.58
2232,Nursing and Midwifery Professionals,Midwives,0.4,0.9,0.02,0.37,0.46,2.15,21,51000,x,15.3,8.6,69.58
2311,Teaching and Educational Professionals,Higher education teaching professionals,0.11,0.3,0.09,0.12,0.15,0.78,26.76,187000,47.5,19.6,11.1,69.58
2312,Teaching and Educational Professionals,Further education teaching professionals,0.3,0.57,0.2,0.35,0.49,1.91,20.46,126000,58.9,21.3,12.2,69.58
2314,Teaching and Educational Professionals,Secondary education teaching professionals,0.13,0.49,0.14,0.21,0.18,1.15,23.62,406000,62.5,10.6,8.2,69.58
2315,Teaching and Educational Professionals,Primary and nursery education teaching professionals,0.2,0.6,0.16,0.34,0.15,1.45,22.12,450000,85.4,9.2,7,69.58
2316,Teaching and Educational Professionals,Special needs education teaching professionals,0.2,0.7,0.19,0.49,0.22,1.8,21.64,88000,78.7,21.3,7.7,69.58
2317,Teaching and Educational Professionals,Senior professionals of educational establishments,0.07,0.41,0.19,0.21,0.16,1.04,32.35,104000,73.5,18.8,3.3,69.58
2318,Teaching and Educational Professionals,Education advisers and school inspectors,0.04,0.24,0.12,0.08,0.11,0.6,20.56,37000,73.2,18.1,8.2,69.58
2319,Teaching and Educational Professionals,Teaching and other educational professionals n.e.c.,0.08,0.61,0.09,0.13,0.06,0.97,17.26,241000,71.4,23.9,10.3,69.58
2412,Legal Professionals,Barristers and judges,0.08,0.27,0.14,0.1,0.13,0.71,18.07,30000,35.2,16.1,6.6,69.58
2413,Legal Professionals,Solicitors,0.08,0.27,0.14,0.1,0.13,0.71,23.09,124000,51.8,16.9,14.2,69.58
2419,Legal Professionals,Legal professionals n.e.c.,0.08,0.27,0.14,0.1,0.13,0.71,39.48,62000,51.2,12.6,14.6,69.58
2421,"Business, Research and Administrative Professionals",Chartered and certified accountants,0.03,0.19,0.07,0.06,0.09,0.44,20.1,184000,41.1,17.5,16.6,69.58
2423,"Business, Research and Administrative Professionals",Management consultants and business analysts,0.14,0.14,0.3,0.14,0.22,0.95,21.28,195000,35.9,14.4,14.5,69.58
2424,"Business, Research and Administrative Professionals",Business and financial project management professionals,0.14,0.14,0.3,0.14,0.22,0.95,24.66,285000,42.8,14.9,10.1,69.58
2425,"Business, Research and Administrative Professionals","Actuaries, economists and statisticians",0,0,0.04,0,0,0.04,22.94,55000,34.6,8.3,18.2,69.58
2426,"Business, Research and Administrative Professionals",Business and related research professionals,0.15,0.21,0.3,0.2,0.23,1.09,18.41,53000,49.3,11.7,10.3,69.58
2429,"Business, Research and Administrative Professionals","Business, research and administrative professionals n.e.c.",0.15,0.21,0.3,0.2,0.23,1.09,23.57,71000,54.7,18.2,7.3,69.58
2431,"Architects, Town Planners and Surveyors",Architects,0.17,0.3,0.37,0.22,0.27,1.33,21.45,53000,27.5,15.8,8.1,69.58
2432,"Architects, Town Planners and Surveyors",Town planning officers,0.08,0.44,0.33,0.08,0.07,1,16.38,20000,37,15,5.7,69.58
2433,"Architects, Town Planners and Surveyors",Quantity surveyors,0.32,0.12,0.3,0.24,0.48,1.47,21.75,56000,11.3,11,5.2,69.58
2434,"Architects, Town Planners and Surveyors",Chartered surveyors,0.32,0.28,0.49,0.4,0.55,2.03,19.14,64000,18.8,21.8,9.3,69.58
2435,"Architects, Town Planners and Surveyors",Chartered architectural technologists,0.17,0.3,0.37,0.22,0.27,1.33,19.21,7000,13.9,8.9,x,69.58
2436,"Architects, Town Planners and Surveyors",Construction project managers and related professionals,0.4,0.27,0.51,0.39,0.38,1.95,18.06,79000,12.4,18,7,69.58
2442,Welfare Professionals,Social workers,0.17,0.75,0.22,0.15,0.1,1.39,18.95,107000,82,24.1,15.1,69.58
2443,Welfare Professionals,Probation officers,0.17,0.75,0.22,0.15,0.1,1.39,18.14,12000,86.3,24.5,13.1,69.58
2444,Welfare Professionals,Clergy,0.1,0.55,0.26,0.22,0.15,1.27,13.58,49000,28.2,30.8,12.5,69.58
2449,Welfare Professionals,Welfare professionals n.e.c.,0.17,0.75,0.22,0.15,0.1,1.39,16.99,30000,78.2,23.9,17.5,69.58
2451,Librarians and Related Professionals,Librarians,0.16,0.34,0.14,0.31,0.2,1.15,13.83,20000,83.1,34.1,x,69.58
2452,Librarians and Related Professionals,Archivists and curators,0.18,0.3,0.21,0.33,0.32,1.34,14.64,16000,70.3,16.1,x,69.58
2461,Quality and Regulatory Professionals,Quality control and planning engineers,0.32,0.12,0.3,0.24,0.48,1.47,18.8,36000,22.8,28,15.2,69.58
2462,Quality and Regulatory Professionals,Quality assurance and regulatory professionals,0.14,0.14,0.3,0.14,0.22,0.95,22.39,110000,53.7,17.8,11.4,69.58
2463,Quality and Regulatory Professionals,Environmental health professionals,0.36,0.52,0.41,0.27,0.43,1.99,19.4,9000,38.7,16.8,7.3,69.58
2471,Media Professionals,"Journalists, newspaper and periodical editors",0.08,0.24,0.34,0.13,0.14,0.92,17.62,82000,42.4,17.9,5.6,69.58
2472,Media Professionals,Public relations professionals,0.05,0.35,0.27,0.13,0.06,0.86,15.45,67000,61.5,9.5,7.1,69.58
2473,Media Professionals,Advertising accounts managers and creative directors,0.02,0.08,0.17,0.04,0.06,0.37,21.77,40000,47,11,9.1,69.58
3111,"Science, Engineering and Production Technicians",Laboratory technicians,0.38,0.12,0.36,0.32,0.58,1.75,10.93,74000,52.8,12.9,11.3,63.72
3112,"Science, Engineering and Production Technicians",Electrical and electronics technicians,0.48,0.17,0.31,0.43,0.77,2.16,16.47,30000,3.1,19.2,6.2,63.72
3113,"Science, Engineering and Production Technicians",Engineering technicians,0.48,0.13,0.3,0.38,0.73,2.02,16.24,100000,5.6,18.4,5.1,63.72
3114,"Science, Engineering and Production Technicians",Building and civil engineering technicians,0.58,0.48,0.68,0.55,0.63,2.93,14.24,24000,10.2,12.9,1.8,63.72
3115,"Science, Engineering and Production Technicians",Quality assurance technicians,0.54,0.27,0.45,0.42,0.71,2.39,13.64,38000,45.1,9.9,14.4,63.72
3116,"Science, Engineering and Production Technicians","Planning, process and production technicians",0.45,0.09,0.13,0.28,0.75,1.7,14.57,25000,25,21.6,6.8,63.72
3119,"Science, Engineering and Production Technicians","Science, engineering and production technicians n.e.c.",0.54,0.27,0.45,0.42,0.71,2.39,13.06,47000,33,19.8,3.8,63.72
3121,Draughtspersons and Related Architectural Technicians,Architectural and town planning technicians,0.58,0.48,0.68,0.55,0.63,2.93,14.37,27000,32.2,12.1,5.7,63.72
3122,Draughtspersons and Related Architectural Technicians,Draughtspersons,0.14,0.07,0.18,0.16,0.31,0.85,15.09,39000,20.7,22.4,5.3,63.72
3131,Information Technology Technicians,IT operations technicians,0.23,0.11,0.26,0.24,0.42,1.25,15.95,107000,33,13.1,19.2,63.72
3132,Information Technology Technicians,IT user support technicians,0.11,0.21,0.15,0.21,0.38,1.05,15.07,104000,19.8,10.6,13.9,63.72
3213,Health Associate Professionals,Paramedics,0.83,1,0.84,0.72,0.9,4.28,19.94,29000,39.7,13.9,x,63.72
3216,Health Associate Professionals,Dispensing opticians,0.23,0.67,0.01,0.2,0.41,1.52,12.42,9000,70.2,12.7,17.6,63.72
3217,Health Associate Professionals,Pharmaceutical technicians,0.29,0.72,0.1,0.51,0.45,2.07,11.52,31000,88,11.1,12.3,63.72
3218,Health Associate Professionals,Medical and dental technicians,0.51,0.83,0.04,0.53,0.77,2.68,15.08,42000,53.1,17.2,12,63.72
3219,Health Associate Professionals,Health associate professionals n.e.c.,0.23,0.8,0.12,0.36,0.48,2,12.2,56000,85.4,30.3,14.9,63.72
3231,Welfare and Housing Associate Professionals,Youth and community workers,0.26,0.77,0.38,0.27,0.18,1.87,12.76,77000,75.8,21.6,10.9,63.72
3233,Welfare and Housing Associate Professionals,Child and early years officers,0.26,0.77,0.38,0.27,0.18,1.87,12.38,43000,84.1,22.9,14.7,63.72
3234,Welfare and Housing Associate Professionals,Housing officers,0.26,0.77,0.38,0.27,0.18,1.87,14.91,59000,76.8,20.1,19.3,63.72
3235,Welfare and Housing Associate Professionals,Counsellors,0.17,0.75,0.22,0.15,0.1,1.39,14.49,28000,87.4,27.5,14.1,63.72
3239,Welfare and Housing Associate Professionals,Welfare and housing associate professionals n.e.c.,0.26,0.77,0.38,0.27,0.18,1.87,12.32,148000,77.7,20.6,11.9,63.72
3312,Protective Service Occupations,Police officers (sergeant and below),0.7,0.94,0.75,0.52,0.65,3.56,19.37,155000,30.6,4.4,3.7,63.72
3313,Protective Service Occupations,Fire service officers (watch manager and below),0.91,0.79,0.86,0.76,0.98,4.3,16.08,45000,4.8,7,3.7,63.72
3314,Protective Service Occupations,Prison service officers (below principal officer),0.51,0.83,0.39,0.44,0.48,2.65,14.85,43000,35.2,19.7,9.1,63.72
3315,Protective Service Occupations,Police community support officers,0.7,0.94,0.75,0.52,0.65,3.56,14.07,15000,53,16.3,8.3,63.72
3319,Protective Service Occupations,Protective service associate professionals n.e.c.,0.38,0.66,0.48,0.45,0.48,2.45,16.89,64000,27.8,16.9,9.7,63.72
3411,"Artistic, Literary and Media Occupations",Artists,0.34,0.07,0.27,0.33,0.59,1.61,13.8,56000,51.1,19.8,5.3,63.72
3412,"Artistic, Literary and Media Occupations","Authors, writers and translators",0.02,0.09,0.17,0.05,0.12,0.46,15.43,91000,61.5,16.2,5.8,63.72
3413,"Artistic, Literary and Media Occupations","Actors, entertainers and presenters",0.2,0.57,0.23,0.52,0.14,1.65,x,54000,44.6,11.3,8.8,63.72
3414,"Artistic, Literary and Media Occupations",Dancers and choreographers,0.04,0.43,0.1,0.11,0.15,0.83,x,21000,73.4,5.4,7,63.72
3415,"Artistic, Literary and Media Occupations",Musicians,0.1,0.42,0.14,0.22,0.26,1.15,19.38,59000,30,13.9,7.5,63.72
3416,"Artistic, Literary and Media Occupations","Arts officers, producers and directors",0.09,0.29,0.24,0.16,0.28,1.05,18.15,95000,38.3,5.8,11.5,63.72
3417,"Artistic, Literary and Media Occupations","Photographers, audio-visual and broadcasting equipment operators",0.22,0.31,0.3,0.34,0.56,1.73,13.43,82000,24.5,17.1,5.2,63.72
3421,Design Occupations,Graphic designers,0.03,0.11,0.09,0.04,0.25,0.53,13.44,92000,33.5,9.3,4.2,63.72
3422,Design Occupations,"Product, clothing and related designers",0.23,0.22,0.17,0.35,0.36,1.33,14.83,89000,57,18.1,4,63.72
3441,Sports and Fitness Occupations,Sports players,0.24,0.41,0.62,0.67,0.65,2.58,x,16000,16.4,x,12.4,63.72
3442,Sports and Fitness Occupations,"Sports coaches, instructors and officials",0.12,0.45,0.27,0.43,0.24,1.51,12.08,101000,42.8,6.2,6.3,63.72
3443,Sports and Fitness Occupations,Fitness instructors,0.16,0.57,0.17,0.45,0.33,1.68,10.25,67000,48.9,11.6,10.2,63.72
3511,Transport Associate Professionals,Air traffic controllers,0.27,0.47,0.26,0.23,0.37,1.6,x,9000,15.6,x,x,63.72
3512,Transport Associate Professionals,Aircraft pilots and flight engineers,0.63,0.5,0.65,0.35,0.74,2.86,37.42,26000,5.7,19.6,x,63.72
3513,Transport Associate Professionals,Ship and hovercraft officers,0.69,0.4,0.76,0.55,0.79,3.19,x,15000,x,32.2,x,63.72
3520,Legal Associate Professionals,Legal associate professionals,0.12,0.31,0.16,0.2,0.23,1.03,15.01,81000,62.3,11.6,8.6,63.72
3531,"Business, Finance and Related Associate Professionals","Estimators, valuers and assessors",0.16,0.36,0.42,0.22,0.25,1.42,15.27,65000,25.7,21.7,7.3,63.72
3532,"Business, Finance and Related Associate Professionals",Brokers,0.04,0.25,0.11,0.04,0.08,0.5,26.17,52000,21.6,12,10.2,63.72
3533,"Business, Finance and Related Associate Professionals",Insurance underwriters,0.07,0.23,0.23,0.06,0.1,0.68,18.58,27000,54.5,14.9,3.3,63.72
3534,"Business, Finance and Related Associate Professionals",Finance and investment analysts and advisers,0,0.16,0.06,0.02,0.05,0.3,19.15,217000,35.2,10,14.3,63.72
3535,"Business, Finance and Related Associate Professionals",Taxation experts,0.03,0.19,0.07,0.06,0.09,0.44,26.09,37000,42.7,13.9,9.3,63.72
3536,"Business, Finance and Related Associate Professionals",Importers and exporters,0.07,0.26,0.11,0.09,0.11,0.65,14.92,5000,33.8,12.8,28.5,63.72
3537,"Business, Finance and Related Associate Professionals",Financial and accounting technicians,0.03,0.19,0.08,0.07,0.09,0.46,22.05,27000,56.1,11.4,20.8,63.72
3538,"Business, Finance and Related Associate Professionals",Financial accounts managers,0.03,0.2,0.08,0.12,0.1,0.53,18.37,172000,46.7,11.3,6.8,63.72
3539,"Business, Finance and Related Associate Professionals",Business and related associate professionals n.e.c.,0.06,0.1,0.08,0.08,0.08,0.39,14.84,196000,56.2,14.9,10.4,63.72
3541,"Sales, Marketing and Related Associate Professionals",Buyers and procurement officers,0.13,0.23,0.24,0.16,0.18,0.94,15.41,63000,63.2,11.8,7.7,63.72
3542,"Sales, Marketing and Related Associate Professionals",Business sales executives,0.17,0.19,0.34,0.16,0.16,1.01,15.29,138000,35.5,11.6,9.2,63.72
3543,"Sales, Marketing and Related Associate Professionals",Marketing associate professionals,0.02,0.08,0.17,0.04,0.06,0.37,14.27,199000,60.1,8.1,14.7,63.72
3544,"Sales, Marketing and Related Associate Professionals",Estate agents and auctioneers,0.11,0.39,0.48,0.17,0.2,1.35,11.75,55000,55.7,14.6,12.4,63.72
3545,"Sales, Marketing and Related Associate Professionals",Sales accounts and business development managers,0.21,0.21,0.38,0.18,0.16,1.14,22.42,453000,39.6,11.7,10.9,63.72
3546,"Sales, Marketing and Related Associate Professionals",Conference and exhibition managers and organisers,0.09,0.53,0.35,0.43,0.45,1.84,12.02,70000,69.8,9.5,9.9,63.72
3550,Conservation and Environmental associate professionals,Conservation and environmental associate professionals,0.58,0.46,0.84,0.68,0.82,3.39,11.45,11000,31.1,19.5,x,63.72
3561,Public Services and Other Associate Professionals,Public services associate professionals,0.48,0.4,0.56,0.59,0.59,2.63,16.79,91000,62.5,22.1,11.4,63.72
3562,Public Services and Other Associate Professionals,Human resources and industrial relations officers,0.06,0.38,0.16,0.17,0.08,0.85,14.37,164000,62.8,7.1,9.9,63.72
3563,Public Services and Other Associate Professionals,Vocational and industrial trainers and instructors,0.03,0.27,0.09,0.15,0.09,0.63,15,146000,54.3,23,8.3,63.72
3564,Public Services and Other Associate Professionals,Careers advisers and vocational guidance specialists,0.06,0.38,0.16,0.17,0.08,0.85,13.51,32000,73.1,18.3,12.3,63.72
3565,Public Services and Other Associate Professionals,Inspectors of standards and regulations,0.48,0.4,0.56,0.59,0.59,2.63,15.79,41000,32.7,24,7.4,63.72
3567,Public Services and Other Associate Professionals,Health and safety officers,0.5,0.33,0.57,0.51,0.58,2.49,17.47,61000,33.7,20.9,3.5,63.72
4112,Administrative Occupations: Government and Related Organisations,National government administrative occupations,0.29,0.43,0.38,0.25,0.28,1.64,12.4,147000,63.2,24.9,12.2,57.24
4113,Administrative Occupations: Government and Related Organisations,Local government administrative occupations,0.12,0.28,0.06,0.19,0.19,0.83,12.77,134000,72.5,20.5,8,57.24
4114,Administrative Occupations: Government and Related Organisations,Officers of non-governmental organisations,0.12,0.28,0.06,0.19,0.19,0.83,13.21,35000,77.6,24.3,10.7,57.24
4121,Administrative Occupations: Finance,Credit controllers,0.04,0.36,0.11,0.05,0.06,0.62,11.91,38000,72.3,13.2,6.6,57.24
4122,Administrative Occupations: Finance,"Book-keepers, payroll managers and wages clerks",0.08,0.34,0.06,0.14,0.14,0.76,12.52,438000,68.2,16.4,13.5,57.24
4123,Administrative Occupations: Finance,Bank and post office clerks,0.23,0.63,0.13,0.41,0.4,1.8,11.33,94000,66.3,19.6,16.3,57.24
4124,Administrative Occupations: Finance,Finance officers,0.08,0.34,0.06,0.14,0.14,0.76,13.68,36000,68.1,19.4,14.3,57.24
4129,Administrative Occupations: Finance,Financial administrative occupations n.e.c.,0.23,0.63,0.13,0.41,0.4,1.8,11.16,164000,70.1,16,14.2,57.24
4131,Administrative Occupations: Records,Records clerks and assistants,0.14,0.56,0.11,0.14,0.16,1.11,11.24,111000,76.6,13.6,10.6,57.24
4132,Administrative Occupations: Records,Pensions and insurance clerks and assistants,0.04,0.32,0.04,0.11,0.09,0.6,11.64,63000,68.7,12.5,8.9,57.24
4133,Administrative Occupations: Records,Stock control clerks and assistants,0.33,0.35,0.22,0.65,0.54,2.09,10.72,85000,40.3,17,7.7,57.24
4134,Administrative Occupations: Records,Transport and distribution clerks and assistants,0.1,0.39,0.23,0.16,0.37,1.25,11.87,59000,35.8,18.7,10.4,57.24
4135,Administrative Occupations: Records,Library clerks and assistants,0.18,0.48,0.09,0.4,0.29,1.44,10.42,24000,75.9,31.6,x,57.24
4138,Administrative Occupations: Records,Human resources administrative occupations,0.09,0.41,0.03,0.19,0.16,0.89,10.96,33000,79.3,12.4,14.6,57.24
4151,Other Administrative Occupations,Sales administrators,0.22,0.58,0.38,0.28,0.49,1.96,10.77,81000,72.5,11.9,10.7,57.24
4159,Other Administrative Occupations,Other administrative occupations n.e.c.,0.11,0.29,0.09,0.19,0.28,0.95,11.16,745000,78.2,18,8.4,57.24
4161,Administrative Occupations: Office Managers and Supervisors,Office managers,0.08,0.32,0.05,0.18,0.29,0.92,15.55,174000,74,19.6,6.5,57.24
4162,Administrative Occupations: Office Managers and Supervisors,Office supervisors,0.08,0.32,0.05,0.18,0.29,0.92,12.73,40000,48.8,11.2,11.5,57.24
4211,Secretarial and Related Occupations,Medical secretaries,0.14,0.3,0.01,0.17,0.16,0.78,11.56,69000,x,29.8,4.5,57.24
4212,Secretarial and Related Occupations,Legal secretaries,0.03,0.2,0.05,0.19,0.09,0.56,11.36,39000,x,24.4,3.8,57.24
4213,Secretarial and Related Occupations,School secretaries,0.05,0.3,0.04,0.12,0.3,0.82,10.28,67000,94.9,23.5,9.8,57.24
4214,Secretarial and Related Occupations,Company secretaries,0.03,0.21,0.12,0.09,0.06,0.51,11.51,31000,83.1,27.7,2.8,57.24
4215,Secretarial and Related Occupations,Personal assistants and other secretaries,0.05,0.3,0.04,0.12,0.3,0.82,12.21,174000,x,20.9,7.5,57.24
4216,Secretarial and Related Occupations,Receptionists,0.1,0.61,0.04,0.15,0.16,1.06,9.27,257000,89.7,23,9.6,57.24
4217,Secretarial and Related Occupations,Typists and related keyboard occupations,0.08,0.25,0,0.19,0.22,0.73,10.2,36000,63.9,17.9,7,57.24
5111,Agricultural and Related Trades,Farmers,0.53,0.15,0.83,0.57,0.74,2.81,11.4,125000,18.1,26.6,x,18.85
5112,Agricultural and Related Trades,Horticultural trades,0.6,0.37,0.83,0.62,0.81,3.23,8.85,18000,36.5,27.4,x,18.85
5113,Agricultural and Related Trades,Gardeners and landscape gardeners,0.6,0.37,0.83,0.62,0.81,3.23,10.27,173000,14.9,26.7,1.6,18.85
5114,Agricultural and Related Trades,Groundsmen and greenkeepers,0.6,0.37,0.83,0.62,0.81,3.23,9.94,26000,x,19.9,2.1,18.85
5119,Agricultural and Related Trades,Agricultural and fishing trades n.e.c.,0.6,0.18,0.78,0.59,0.82,2.98,10.56,35000,2.8,8.3,x,18.85
5211,"Metal Forming, Welding and Related Trades",Smiths and forge workers,0.67,0.17,0.43,0.61,0.89,2.77,x,5000,x,19.6,x,18.85
5212,"Metal Forming, Welding and Related Trades","Moulders, core makers and die casters",0.66,0.18,0.17,0.74,0.88,2.64,11.06,2000,x,51.5,x,18.85
5213,"Metal Forming, Welding and Related Trades",Sheet metal workers,0.84,0.31,0.5,0.87,0.97,3.49,12.49,15000,x,19.4,x,18.85
5214,"Metal Forming, Welding and Related Trades","Metal plate workers, and riveters",0.82,0.26,0.67,0.89,0.87,3.52,13.54,5000,x,13.1,x,18.85
5215,"Metal Forming, Welding and Related Trades",Welding trades,0.54,0.15,0.21,0.53,0.85,2.27,12.39,61000,3.3,16.7,5.2,18.85
5216,"Metal Forming, Welding and Related Trades",Pipe fitters,0.94,0.35,0.65,0.97,0.93,3.85,17.57,5000,x,23,x,18.85
5221,"Metal Machining, Fitting and Instrument Making Trades",Metal machining setters and setter-operators,0.59,0.13,0.17,0.55,0.85,2.29,13.02,52000,5.1,20.6,6.7,18.85
5222,"Metal Machining, Fitting and Instrument Making Trades","Tool makers, tool fitters and markers-out",0.54,0.2,0.3,0.51,0.83,2.39,14.17,11000,x,33,x,18.85
5223,"Metal Machining, Fitting and Instrument Making Trades",Metal working production and maintenance fitters,0.88,0.28,0.74,0.81,0.99,3.71,14.77,222000,2.4,21.2,4.5,18.85
5224,"Metal Machining, Fitting and Instrument Making Trades",Precision instrument makers and repairers,0.43,0.3,0.27,0.32,0.7,2.02,12.24,23000,9.9,18,4.4,18.85
5225,"Metal Machining, Fitting and Instrument Making Trades",Air-conditioning and refrigeration engineers,0.76,0.43,0.7,0.76,0.93,3.58,14.22,16000,x,18.4,x,18.85
5231,Vehicle Trades,"Vehicle technicians, mechanics and electricians",0.68,0.3,0.7,0.72,0.88,3.27,12.5,171000,1.3,12.6,6.1,18.85
5232,Vehicle Trades,Vehicle body builders and repairers,0.71,0.3,0.66,0.75,0.9,3.32,12.48,27000,x,17.5,4.6,18.85
5234,Vehicle Trades,Vehicle paint technicians,0.6,0.14,0.18,0.76,0.96,2.64,12.32,13000,x,11.1,x,18.85
5235,Vehicle Trades,Aircraft maintenance and related trades,0.67,0.39,0.68,0.56,0.9,3.19,19.32,28000,7.5,19.9,3.5,18.85
5236,Vehicle Trades,Boat and ship builders and repairers,0.88,0.28,0.74,0.81,0.99,3.71,13.81,17000,1.2,23.7,10.7,18.85
5237,Vehicle Trades,Rail and rolling stock builders and repairers,0.88,0.28,0.74,0.81,0.99,3.71,x,12000,x,19.5,32,18.85
5241,Electrical and Electronic Trades,Electricians and electrical fitters,0.77,0.39,0.61,0.94,0.92,3.63,15.25,245000,1.8,14.3,5.6,18.85
5242,Electrical and Electronic Trades,Telecommunications engineers,0.21,0.07,0.13,0.19,0.4,1,16.64,55000,6.5,11.2,13.4,18.85
5244,Electrical and Electronic Trades,"TV, video and audio engineers",0.51,0.24,0.45,0.52,0.77,2.5,15.51,9000,x,20.4,x,18.85
5245,Electrical and Electronic Trades,IT engineers,0.6,0.34,0.63,0.66,0.81,3.03,15.04,35000,3.6,11.9,18.9,18.85
5249,Electrical and Electronic Trades,Electrical and electronic trades n.e.c.,0.51,0.24,0.45,0.52,0.77,2.5,15.55,78000,2.5,19.3,8.9,18.85
5250,"Skilled Metal, Electrical and Electronic Trades Supervisors","Skilled metal, electrical and electronic trades supervisors",0.47,0.32,0.35,0.49,0.7,2.33,16.27,37000,7.8,22.4,4.9,18.85
5311,Construction and Building Trades,Steel erectors,0.82,0.26,0.67,0.89,0.87,3.52,12.41,7000,x,x,x,18.85
5312,Construction and Building Trades,Bricklayers and masons,1,0.35,0.67,0.98,0.9,3.9,13.33,72000,x,16.8,1.5,18.85
5313,Construction and Building Trades,"Roofers, roof tilers and slaters",0.87,0.41,0.68,0.97,0.89,3.82,11.84,53000,x,12.3,1.9,18.85
5314,Construction and Building Trades,Plumbers and heating and ventilating engineers,0.94,0.35,0.65,0.97,0.93,3.85,14.74,174000,1.4,18.6,6,18.85
5315,Construction and Building Trades,Carpenters and joiners,0.75,0.37,0.68,1,0.87,3.67,13.18,224000,1.2,15.8,3,18.85
5316,Construction and Building Trades,"Glaziers, window fabricators and fitters",0.78,0.37,0.83,0.77,0.82,3.58,10.07,38000,x,19.5,4.2,18.85
5319,Construction and Building Trades,Construction and building trades n.e.c.,0.4,0.27,0.51,0.39,0.38,1.95,12.42,247000,4.5,19,5.7,18.85
5321,Building Finishing Trades,Plasterers,0.57,0.25,0.47,0.89,0.71,2.89,13.39,48000,x,15.3,3.5,18.85
5322,Building Finishing Trades,Floorers and wall tilers,0.57,0.23,0.25,0.79,0.71,2.55,11.5,33000,x,14.1,2,18.85
5323,Building Finishing Trades,Painters and decorators,0.53,0.29,0.39,0.99,0.78,2.97,11.69,124000,5.1,27.7,2.3,18.85
5330,Construction and Building Trades Supervisors,Construction and building trades supervisors,0.64,0.42,0.75,0.67,0.75,3.23,16.18,65000,1.4,20.5,7.4,18.85
5411,Textiles and Garments Trades,Weavers and knitters,0.43,0.16,0.09,0.37,0.43,1.48,10.54,2000,67.9,37.9,x,18.85
5412,Textiles and Garments Trades,Upholsterers,0.41,0.32,0.08,0.7,0.7,2.21,11.69,13000,14.7,38.1,12.9,18.85
5413,Textiles and Garments Trades,Footwear and leather working trades,0.43,0.16,0.09,0.37,0.43,1.48,10.15,5000,44.8,43.2,x,18.85
5414,Textiles and Garments Trades,Tailors and dressmakers,0.24,0.43,0.09,0.36,0.49,1.61,x,13000,76.7,20.4,29.7,18.85
5419,Textiles and Garments Trades,"Textiles, garments and related trades n.e.c.",0.38,0.17,0.13,0.34,0.49,1.5,9.57,16000,69.6,23.2,14.2,18.85
5421,Printing Trades,Pre-press technicians,0.17,0.19,0.03,0.21,0.47,1.06,x,4000,33.5,43.3,x,18.85
5422,Printing Trades,Printers,0.61,0.08,0.12,0.56,0.85,2.22,12.11,29000,14.3,15,5.7,18.85
5423,Printing Trades,Print finishing and binding workers,0.44,0.18,0.06,0.52,0.79,2,10.79,11000,34.3,23.8,8.2,18.85
5431,Food Preparation and Hospitality Trades,Butchers,0.41,0.35,0.12,0.53,0.79,2.19,10.1,34000,9.9,13.7,9.1,18.85
5432,Food Preparation and Hospitality Trades,Bakers and flour confectioners,0.31,0.26,0.1,0.5,0.49,1.66,9.76,33000,57.4,13.2,11.2,18.85
5433,Food Preparation and Hospitality Trades,Fishmongers and poultry dressers,0.41,0.35,0.12,0.53,0.79,2.19,9.03,10000,31.2,20.6,x,18.85
5434,Food Preparation and Hospitality Trades,Chefs,0.5,0.61,0.21,0.58,0.59,2.48,9.69,253000,21.8,10.7,19.4,18.85
5435,Food Preparation and Hospitality Trades,Cooks,0.34,0.44,0.13,0.57,0.56,2.04,8.89,69000,73,23.7,17.3,18.85
5436,Food Preparation and Hospitality Trades,Catering and bar managers,0.3,0.62,0.17,0.6,0.5,2.2,10.12,71000,62.9,16.7,8.4,18.85
5441,Other Skilled Trades,"Glass and ceramics makers, decorators and finishers",0.53,0.21,0.27,0.53,0.8,2.33,11.58,11000,61,14.2,x,18.85
5442,Other Skilled Trades,Furniture makers and other craft woodworkers,0.56,0.18,0.17,0.59,0.77,2.28,10.53,38000,10.8,20,3.6,18.85
5443,Other Skilled Trades,Florists,0.31,0.35,0.15,0.45,0.41,1.68,8.52,12000,x,11.9,x,18.85
5449,Other Skilled Trades,Other skilled trades n.e.c.,0.38,0.21,0.07,0.38,0.64,1.68,13,41000,27.9,24.9,7.2,18.85
6121,Childcare and Related Personal Services,Nursery nurses and assistants,0.14,0.57,0.21,0.44,0.11,1.48,8.86,226000,x,9.7,8.9,14.89
6122,Childcare and Related Personal Services,Childminders and related occupations,0.16,0.6,0.25,0.49,0.29,1.79,10,101000,x,15.1,10.5,14.89
6123,Childcare and Related Personal Services,Playworkers,0.16,0.6,0.25,0.49,0.29,1.79,9.02,27000,84.7,11.8,9.7,14.89
6125,Childcare and Related Personal Services,Teaching assistants,0.14,0.57,0.21,0.44,0.11,1.48,9.92,309000,92.9,18.4,8.3,14.89
6126,Childcare and Related Personal Services,Educational support assistants,0.14,0.57,0.21,0.44,0.11,1.48,9.92,172000,87.4,19,12,14.89
6131,Animal Care and Control Services,Veterinary nurses,0.74,0.69,0.17,0.7,0.66,2.96,11,18000,x,1.4,x,14.89
6132,Animal Care and Control Services,Pest control officers,0.73,0.4,0.79,0.63,0.77,3.32,12.3,8000,x,46,x,14.89
6139,Animal Care and Control Services,Animal care services occupations n.e.c.,0.38,0.57,0.31,0.57,0.42,2.25,9,89000,86,16.3,1,14.89
6141,Caring Personal Services,Nursing auxiliaries and assistants,0.39,0.8,0.18,0.74,0.48,2.58,10.93,339000,80.4,18.3,18.1,14.89
6142,Caring Personal Services,Ambulance staff (excluding paramedics),0.83,1,0.84,0.72,0.9,4.28,12.05,24000,39.7,26.1,6.2,14.89
6143,Caring Personal Services,Dental nurses,0.76,0.77,0.01,0.5,0.73,2.78,10.14,50000,x,9,6.4,14.89
6144,Caring Personal Services,Houseparents and residential wardens,0.49,0.74,0.09,0.59,0.64,2.54,11.91,50000,73.1,25.6,11.4,14.89
6145,Caring Personal Services,Care workers and home carers,0.19,0.67,0.1,0.5,0.4,1.86,9.49,776000,83.6,20.3,19.9,14.89
6146,Caring Personal Services,Senior care workers,0.19,0.67,0.1,0.5,0.4,1.86,9.74,79000,84.6,22.1,14.2,14.89
6147,Caring Personal Services,Care escorts,0.49,0.74,0.09,0.59,0.64,2.54,9.45,12000,67.7,35.3,x,14.89
6148,Caring Personal Services,"Undertakers, mortuary and crematorium assistants",0.54,0.7,0.64,0.39,0.68,2.95,11.4,23000,39.5,22,x,14.89
6211,Leisure and Travel Services,Sports and leisure assistants,0.29,0.64,0.29,0.42,0.4,2.05,9.26,68000,42.1,3.1,6.5,14.89
6212,Leisure and Travel Services,Travel agents,0.1,0.46,0.19,0.18,0.26,1.19,9.93,32000,77.3,11.4,7.6,14.89
6214,Leisure and Travel Services,Air travel assistants,0.55,0.7,0.4,0.55,0.4,2.59,10.47,53000,67.3,11,9,14.89
6215,Leisure and Travel Services,Rail travel assistants,0.32,0.59,0.48,0.34,0.4,2.13,17.49,14000,22,26.8,9.8,14.89
6219,Leisure and Travel Services,Leisure and travel service occupations n.e.c.,0.14,0.55,0.2,0.33,0.28,1.5,10.41,28000,60,17.2,2.9,14.89
6221,Hairdressers and Related Services,Hairdressers and barbers,0.23,0.67,0.04,0.48,0.44,1.86,8.22,158000,86.5,8.3,7.6,14.89
6222,Hairdressers and Related Services,Beauticians and related occupations,0.22,0.61,0.1,0.41,0.4,1.74,9.11,100000,92.7,4.9,14.3,14.89
6231,Housekeeping and Related Services,Housekeepers and related occupations,0.43,0.35,0.36,0.71,0.61,2.45,9.02,49000,x,30.8,13.9,14.89
6232,Housekeeping and Related Services,Caretakers,0.54,0.25,0.29,0.69,0.55,2.32,10.31,69000,15.2,40.3,7.2,14.89
6240,Cleaning and Housekeeping Managers and Supervisors,Cleaning and housekeeping managers and supervisors,0.43,0.35,0.36,0.71,0.61,2.45,9.6,77000,73.9,18,11.5,14.89
7111,Sales Assistants and Retail Cashiers,Sales and retail assistants,0.27,0.56,0.37,0.47,0.5,2.17,8.74,1004000,65.6,13.3,13.1,15.91
7112,Sales Assistants and Retail Cashiers,Retail cashiers and check-out operators,0.19,0.64,0.06,0.43,0.43,1.75,8.87,165000,72.3,18.8,18.4,15.91
7113,Sales Assistants and Retail Cashiers,Telephone salespersons,0.04,0.28,0,0.02,0.13,0.46,10.24,32000,42.1,4.8,13.9,15.91
7114,Sales Assistants and Retail Cashiers,Pharmacy and other dispensing assistants,0.27,0.61,0.28,0.49,0.48,2.13,8.85,78000,83.4,16.8,9,15.91
7115,Sales Assistants and Retail Cashiers,Vehicle and parts salespersons and advisers,0.27,0.56,0.37,0.47,0.5,2.17,10.62,47000,8.8,10.2,6.9,15.91
7121,Sales Related Occupations,Collector salespersons and credit agents,0.08,0.48,0.26,0.16,0.14,1.11,10.25,15000,39.4,5.1,10.3,15.91
7122,Sales Related Occupations,"Debt, rent and other cash collectors",0.03,0.29,0.16,0.08,0.05,0.61,9.97,27000,31.7,14,13,15.91
7123,Sales Related Occupations,Roundspersons and van salespersons,0.08,0.48,0.26,0.16,0.14,1.11,8.97,30000,22.7,15.2,9.2,15.91
7124,Sales Related Occupations,Market and street traders and assistants,0.08,0.48,0.26,0.16,0.14,1.11,x,17000,48.5,16.3,22,15.91
7125,Sales Related Occupations,Merchandisers and window dressers,0.1,0.51,0.08,0.44,0.41,1.54,9.58,23000,77.2,17.1,16.3,15.91
7129,Sales Related Occupations,Sales related occupations n.e.c.,0.1,0.51,0.08,0.44,0.41,1.54,10.22,58000,44.7,14.8,11,15.91
7130,Sales Supervisors,Sales supervisors,0.22,0.5,0.18,0.47,0.29,1.66,10.1,164000,53.6,11.4,10,15.91
7211,Customer Service Occupations,Call and contact centre occupations,0.14,0.6,0.06,0.17,0.18,1.14,9.42,93000,58.6,10.5,13.4,15.91
7213,Customer Service Occupations,Telephonists,0.11,0.46,0.02,0.09,0.22,0.89,9.3,9000,65.8,22.2,11.9,15.91
7214,Customer Service Occupations,Communication operators,0.11,0.46,0.02,0.09,0.22,0.89,13.6,33000,61.9,13.3,5.9,15.91
7215,Customer Service Occupations,Market research interviewers,0.1,0.34,0.06,0.05,0.09,0.64,9.98,13000,64.5,26.4,10.9,15.91
7219,Customer Service Occupations,Customer service occupations n.e.c.,0.1,0.41,0.04,0.15,0.18,0.89,9.98,318000,66.9,12.8,14.4,15.91
7220,Customer Service Managers and Supervisors,Customer service managers and supervisors,0.08,0.32,0.05,0.18,0.29,0.92,13.93,186000,54.8,11,8.8,15.91
8111,Process Operatives,"Food, drink and tobacco process operatives",0.57,0.22,0.21,0.63,0.86,2.5,9.5,134000,37.9,15.7,14.5,5.44
8112,Process Operatives,Glass and ceramics process operatives,0.61,0.18,0.3,0.56,0.87,2.51,10.17,4000,16.3,17.4,x,5.44
8113,Process Operatives,Textile process operatives,0.38,0.15,0.06,0.64,0.73,1.95,10.45,9000,34.4,18.1,8.6,5.44
8114,Process Operatives,Chemical and related process operatives,0.63,0.2,0.28,0.59,0.84,2.54,13.6,37000,17.9,17.9,2.5,5.44
8115,Process Operatives,Rubber process operatives,0.63,0.19,0.25,0.62,0.86,2.55,11.07,6000,31.6,20.6,x,5.44
8116,Process Operatives,Plastics process operatives,0.61,0.16,0.18,0.59,0.86,2.4,10.61,21000,24.2,16.1,8.6,5.44
8117,Process Operatives,Metal making and treating process operatives,0.76,0.15,0.18,0.64,0.92,2.65,12.45,12000,7.4,25.5,6.4,5.44
8118,Process Operatives,Electroplaters,0.54,0.14,0.16,0.64,0.88,2.36,10.14,4000,x,39.6,x,5.44
8119,Process Operatives,Process operatives n.e.c.,0.75,0.22,0.64,0.64,0.93,3.18,10.82,10000,23,7,x,5.44
8121,Plant and Machine Operatives,Paper and wood machine operatives,0.65,0.05,0.18,0.66,0.77,2.3,10.38,25000,15.1,19.1,6.1,5.44
8122,Plant and Machine Operatives,Coal mine operatives,0.88,0.21,0.6,0.69,1,3.38,x,3000,x,32.7,x,5.44
8123,Plant and Machine Operatives,Quarry workers and related operatives,0.94,0.27,0.71,0.74,1,3.65,11.45,10000,x,12.8,x,5.44
8124,Plant and Machine Operatives,Energy plant operatives,0.66,0.24,0.45,0.48,0.77,2.61,16.63,7000,16.1,21.8,x,5.44
8125,Plant and Machine Operatives,Metal working machine operatives,0.59,0.13,0.17,0.55,0.85,2.29,10.6,56000,10.7,17.3,8.7,5.44
8126,Plant and Machine Operatives,Water and sewerage plant operatives,0.76,0.27,0.75,0.6,0.88,3.27,14.22,14000,10.6,16.3,x,5.44
8127,Plant and Machine Operatives,Printing machine assistants,0.61,0.08,0.12,0.56,0.85,2.22,10.33,10000,11.6,20.9,x,5.44
8129,Plant and Machine Operatives,Plant and machine operatives n.e.c.,0.56,0.21,0.37,0.61,0.93,2.68,11.23,23000,13.6,14.1,7.2,5.44
8131,Assemblers and Routine Operatives,Assemblers (electrical and electronic products),0.43,0.18,0.11,0.41,0.73,1.87,10.92,25000,34.8,21.2,5.7,5.44
8132,Assemblers and Routine Operatives,Assemblers (vehicles and metal goods),0.66,0.21,0.24,0.61,0.9,2.61,14,42000,16.2,13.4,8.9,5.44
8133,Assemblers and Routine Operatives,Routine inspectors and testers,0.43,0.22,0.18,0.5,0.63,1.96,12.23,78000,29.5,16.8,11.2,5.44
8134,Assemblers and Routine Operatives,"Weighers, graders and sorters",0.43,0.22,0.18,0.5,0.63,1.96,10.01,15000,37.8,19.4,6.2,5.44
8135,Assemblers and Routine Operatives,"Tyre, exhaust and windscreen fitters",0.68,0.3,0.7,0.72,0.88,3.27,9.57,15000,x,7.4,11.3,5.44
8137,Assemblers and Routine Operatives,Sewing machinists,0.2,0.14,0,0.36,0.61,1.31,8.87,32000,86.5,26.3,18.1,5.44
8139,Assemblers and Routine Operatives,Assemblers and routine operatives n.e.c.,0.34,0.14,0.06,0.69,0.84,2.07,10.3,46000,34.6,16.2,6.9,5.44
8141,Construction Operatives,"Scaffolders, stagers and riggers",0.71,0.44,0.71,0.93,0.85,3.65,15.65,27000,2.4,8.9,x,5.44
8142,Construction Operatives,Road construction operatives,0.85,0.56,0.86,0.77,0.9,3.94,12.86,20000,x,13.9,x,5.44
8143,Construction Operatives,Rail construction and maintenance operatives,0.85,0.56,0.86,0.77,0.9,3.94,14.09,12000,x,14.1,8,5.44
8149,Construction Operatives,Construction operatives n.e.c.,0.78,0.28,0.7,0.8,0.87,3.43,11.29,109000,4,25.3,4.1,5.44
8211,Road Transport Drivers,Large goods vehicle drivers,0.43,0.43,0.66,0.42,0.66,2.59,12,304000,0.8,25.4,3.9,5.44
8212,Road Transport Drivers,Van drivers,0.35,0.57,0.66,0.5,0.6,2.69,9.73,273000,7.1,23.1,12.5,5.44
8213,Road Transport Drivers,Bus and coach drivers,0.44,0.63,0.61,0.35,0.59,2.62,11.88,112000,9.4,28.2,19.7,5.44
8214,Road Transport Drivers,Taxi and cab drivers and chauffeurs,0.35,0.57,0.66,0.5,0.6,2.69,8.72,213000,3,23.6,43.1,5.44
8215,Road Transport Drivers,Driving instructors,0.06,0.39,0.17,0.17,0.25,1.04,12.93,30000,32.3,32.6,8.2,5.44
8221,Mobile Machine Drivers and Operatives,Crane drivers,0.58,0.41,0.53,0.51,0.69,2.73,15.19,14000,x,18.3,x,5.44
8222,Mobile Machine Drivers and Operatives,Fork-lift truck drivers,0.54,0.39,0.59,0.52,0.68,2.72,10.93,92000,2.2,20.9,6.1,5.44
8223,Mobile Machine Drivers and Operatives,Agricultural machinery drivers,0.48,0.21,0.85,0.43,0.91,2.88,9.93,4000,x,8.7,x,5.44
8229,Mobile Machine Drivers and Operatives,Mobile machine drivers and operatives n.e.c.,0.75,0.26,0.83,0.53,0.96,3.33,12.74,45000,x,21.5,4,5.44
8231,Other Drivers and Transport Operatives,Train and tram drivers,0.73,0.35,0.64,0.47,0.81,3,30.13,31000,10.5,18.4,7.7,5.44
8232,Other Drivers and Transport Operatives,Marine and waterways transport operatives,0.69,0.46,0.73,0.68,0.93,3.48,12.98,6000,x,25.4,x,5.44
8233,Other Drivers and Transport Operatives,Air transport operatives,0.58,0.34,0.71,0.57,0.74,2.94,11.85,16000,11.6,17,19.4,5.44
8234,Other Drivers and Transport Operatives,Rail transport operatives,0.68,0.33,0.66,0.61,0.61,2.89,17.09,14000,4.7,20.7,x,5.44
8239,Other Drivers and Transport Operatives,Other drivers and transport operatives n.e.c.,0.58,0.34,0.71,0.57,0.74,2.94,12.68,23000,12.3,17.9,10.6,5.44
9111,Elementary Agricultural Occupations,Farm workers,0.39,0.18,0.75,0.56,0.53,2.41,9.44,59000,29.2,14.9,x,0.00
9112,Elementary Agricultural Occupations,Forestry workers,0.6,0.22,0.78,0.59,0.81,2.99,11.66,6000,16.7,24.2,x,0.00
9119,Elementary Agricultural Occupations,Fishing and other elementary agriculture occupations n.e.c.,0.46,0.2,0.73,0.59,0.58,2.55,9.17,23000,23.4,19.9,x,0.00
9120,Elementary Construction Occupations,Elementary construction occupations,0.76,0.33,0.66,0.94,0.86,3.54,10.25,161000,2.2,12.4,5.3,0.00
9132,Elementary Process Plant Occupations,Industrial cleaning process occupations,0.49,0.22,0.52,0.64,0.82,2.68,8.59,28000,24.6,17,11.2,0.00
9134,Elementary Process Plant Occupations,"Packers, bottlers, canners and fillers",0.24,0.44,0.16,0.75,0.65,2.24,9.15,129000,48.6,13.1,20.4,0.00
9139,Elementary Process Plant Occupations,Elementary process plant occupations n.e.c.,0.49,0.22,0.52,0.64,0.82,2.68,10,95000,17.5,17.9,7.3,0.00
9211,Elementary Administration Occupations,"Postal workers, mail sorters, messengers and couriers",0.32,0.35,0.35,0.54,0.5,2.05,12.45,167000,20.4,19.8,15.1,0.00
9219,Elementary Administration Occupations,Elementary administration occupations n.e.c.,0.37,0.53,0.72,0.5,0.58,2.7,8.76,36000,50.2,16.3,11.5,0.00
9231,Elementary Cleaning Occupations,Window cleaners,0.54,0.25,0.29,0.69,0.55,2.32,9.64,26000,4.1,15.9,3.4,0.00
9233,Elementary Cleaning Occupations,Cleaners and domestics,0.52,0.27,0.31,0.78,0.57,2.44,8.67,572000,82.6,24.9,11.1,0.00
9234,Elementary Cleaning Occupations,"Launderers, dry cleaners and pressers",0.35,0.18,0.07,0.5,0.58,1.68,8.28,25000,63,24.9,16.4,0.00
9235,Elementary Cleaning Occupations,Refuse and salvage occupations,0.58,0.41,0.65,0.47,0.76,2.87,9.98,39000,4.1,23.9,3.2,0.00
9236,Elementary Cleaning Occupations,Vehicle valeters and cleaners,0.66,0.16,0.59,0.7,0.57,2.68,8.52,27000,12.5,9.8,6.1,0.00
9239,Elementary Cleaning Occupations,Elementary cleaning occupations n.e.c.,0.52,0.27,0.31,0.78,0.57,2.44,9.25,8000,33.1,35,15.1,0.00
9241,Elementary Security Occupations,Security guards and related occupations,0.41,0.58,0.29,0.44,0.47,2.19,9.88,185000,16.5,23.6,26.2,0.00
9242,Elementary Security Occupations,Parking and civil enforcement occupations,0.28,0.51,0.25,0.5,0.45,1.99,10.17,16000,23.3,15.2,28.3,0.00
9244,Elementary Security Occupations,School midday and crossing patrol occupations,0.28,0.51,0.25,0.5,0.45,1.99,9.23,94000,x,20.7,13.3,0.00
9249,Elementary Security Occupations,Elementary security occupations n.e.c.,0.28,0.51,0.25,0.5,0.45,1.99,10,24000,30.3,19,16,0.00
9251,Elementary Sales Occupations,Shelf fillers,0.32,0.39,0.21,0.7,0.47,2.08,8.87,81000,45.8,17.7,7.8,0.00
9259,Elementary Sales Occupations,Elementary sales occupations n.e.c.,0.08,0.48,0.26,0.16,0.14,1.11,9.12,24000,51.5,20.5,7.5,0.00
9260,Elementary Storage Occupations,Elementary storage occupations,0.58,0.34,0.71,0.57,0.74,2.94,9.77,449000,20.1,15.7,10.6,0.00
9271,Other Elementary Services Occupations,Hospital porters,0.52,0.27,0.31,0.78,0.57,2.44,10.47,18000,1.5,43,16.2,0.00
9272,Other Elementary Services Occupations,Kitchen and catering assistants,0.24,0.51,0.12,0.65,0.56,2.08,8.35,513000,64.6,10.9,14.4,0.00
9273,Other Elementary Services Occupations,Waiters and waitresses,0.26,0.55,0.09,0.65,0.44,1.99,8.21,264000,73.8,3.9,14.4,0.00
9274,Other Elementary Services Occupations,Bar staff,0.18,0.68,0.03,0.57,0.4,1.86,8.22,203000,48.9,4,4.7,0.00
9275,Other Elementary Services Occupations,Leisure and theme park attendants,0.28,0.51,0.25,0.5,0.45,1.99,8.52,32000,49.6,10.7,12.6,0.00
9279,Other Elementary Services Occupations,Other elementary services occupations n.e.c.,0.3,0.52,0.38,0.5,0.48,2.19,8.59,26000,42.5,15.7,4.5,0.00
,,,,,,,,,,,,,,
1. Some occupations are excluded due to no homeworking measures being available ,,,,,,,,,,,,,,
"2. Please note the ability to homework score was calculated by O*NET prior to the coronavirus (COVID-19) outbreak, therefore will not reflect any changes to working practices implemented since the outbreak.",,,,,,,,,,,,,,
3. This measure of pay comes from the 2019 Annual Survey of Hours and Earnings (ASHE). It is hourly earnings excluding overtime. It's calculated as gross pay /basic paid hours. The pay period in question was not affected by absence. It includes people aged 16+ both full-time and part-time,,,,,,,,,,,,,,
4. Characteristics are from the Annual Population Survey (APS). Data are for the period April 2019 to March 2020,,,,,,,,,,,,,,
5. The BAME group includes: Mixed/Multiple ethnic groups; Indian; Pakistani; Bangladeshi; Chinese; any other Asian background; Black/African/Caribbean/Black British,,,,,,,,,,,,,,
"6. For the percentage of women in each occupation, figures have been grouped together for percentages greater than 95% for disclosure reasons",,,,,,,,,,,,,,
,,,,,,,,,,,,,,
Key,,,,,,,,,,,,,,
,,Data are based on low sample numbers and should be treated with caution.,,,,,,,,,,,,
x,,The sample size is too small to produce a reliable estimate.,,,,,,,,,,,,
,,Estimates are consider acceptable,,,,,,,,,,,,
,,Estimates are considered reasonably precise,,,,,,,,,,,,
